time_ms,ppg_amplitude,abp_mmHg,subject_id,heart_rate_bpm,augmentation_index,stiffness_index_ms,pulse_transit_time_ms
0,0.450,118.2,sub_mimic_8921,76,1.38,10.8,148
8,0.485,119.5,sub_mimic_8921,76,1.38,10.8,148
16,0.540,122.1,sub_mimic_8921,76,1.38,10.8,148
24,0.620,126.8,sub_mimic_8921,76,1.38,10.8,148
32,0.730,133.0,sub_mimic_8921,76,1.38,10.8,148
40,0.860,140.5,sub_mimic_8921,76,1.38,10.8,148
48,0.995,148.2,sub_mimic_8921,76,1.38,10.8,148
56,1.120,154.6,sub_mimic_8921,76,1.38,10.8,148
64,1.210,158.4,sub_mimic_8921,76,1.38,10.8,148
72,1.250,160.0,sub_mimic_8921,76,1.38,10.8,148
80,1.235,159.2,sub_mimic_8921,76,1.38,10.8,148
88,1.180,156.0,sub_mimic_8921,76,1.38,10.8,148
96,1.090,151.2,sub_mimic_8921,76,1.38,10.8,148
104,0.980,144.8,sub_mimic_8921,76,1.38,10.8,148
112,0.870,138.0,sub_mimic_8921,76,1.38,10.8,148
120,0.770,132.1,sub_mimic_8921,76,1.38,10.8,148
128,0.695,127.5,sub_mimic_8921,76,1.38,10.8,148
136,0.640,124.0,sub_mimic_8921,76,1.38,10.8,148
144,0.610,122.2,sub_mimic_8921,76,1.38,10.8,148
152,0.600,121.5,sub_mimic_8921,76,1.38,10.8,148
160,0.615,122.4,sub_mimic_8921,76,1.38,10.8,148
168,0.645,124.2,sub_mimic_8921,76,1.38,10.8,148
176,0.685,126.8,sub_mimic_8921,76,1.38,10.8,148
184,0.715,128.5,sub_mimic_8921,76,1.38,10.8,148
192,0.725,129.2,sub_mimic_8921,76,1.38,10.8,148
200,0.710,128.1,sub_mimic_8921,76,1.38,10.8,148
208,0.675,126.0,sub_mimic_8921,76,1.38,10.8,148
216,0.630,123.2,sub_mimic_8921,76,1.38,10.8,148
224,0.580,120.1,sub_mimic_8921,76,1.38,10.8,148
232,0.535,117.5,sub_mimic_8921,76,1.38,10.8,148
240,0.495,115.0,sub_mimic_8921,76,1.38,10.8,148
248,0.460,113.0,sub_mimic_8921,76,1.38,10.8,148
256,0.435,111.5,sub_mimic_8921,76,1.38,10.8,148
264,0.415,110.2,sub_mimic_8921,76,1.38,10.8,148
272,0.400,109.5,sub_mimic_8921,76,1.38,10.8,148
280,0.390,108.9,sub_mimic_8921,76,1.38,10.8,148
288,0.385,108.5,sub_mimic_8921,76,1.38,10.8,148
296,0.380,108.2,sub_mimic_8921,76,1.38,10.8,148
304,0.385,108.5,sub_mimic_8921,76,1.38,10.8,148
312,0.395,109.1,sub_mimic_8921,76,1.38,10.8,148
320,0.410,110.0,sub_mimic_8921,76,1.38,10.8,148
328,0.430,111.2,sub_mimic_8921,76,1.38,10.8,148
336,0.455,112.8,sub_mimic_8921,76,1.38,10.8,148
344,0.485,114.6,sub_mimic_8921,76,1.38,10.8,148
352,0.520,116.8,sub_mimic_8921,76,1.38,10.8,148
360,0.560,119.2,sub_mimic_8921,76,1.38,10.8,148
368,0.610,122.2,sub_mimic_8921,76,1.38,10.8,148
376,0.670,125.8,sub_mimic_8921,76,1.38,10.8,148
384,0.740,130.0,sub_mimic_8921,76,1.38,10.8,148
392,0.820,135.0,sub_mimic_8921,76,1.38,10.8,148
400,0.910,140.5,sub_mimic_8921,76,1.38,10.8,148
408,1.000,146.0,sub_mimic_8921,76,1.38,10.8,148
416,1.085,151.2,sub_mimic_8921,76,1.38,10.8,148
424,1.155,155.5,sub_mimic_8921,76,1.38,10.8,148
432,1.205,158.6,sub_mimic_8921,76,1.38,10.8,148
440,1.230,160.0,sub_mimic_8921,76,1.38,10.8,148
448,1.220,159.2,sub_mimic_8921,76,1.38,10.8,148
456,1.170,156.0,sub_mimic_8921,76,1.38,10.8,148
464,1.090,151.0,sub_mimic_8921,76,1.38,10.8,148
472,0.990,144.8,sub_mimic_8921,76,1.38,10.8,148
480,0.880,138.0,sub_mimic_8921,76,1.38,10.8,148
488,0.780,132.0,sub_mimic_8921,76,1.38,10.8,148
496,0.700,127.2,sub_mimic_8921,76,1.38,10.8,148
504,0.640,123.5,sub_mimic_8921,76,1.38,10.8,148
